,CPU Name,Platform Name,Single-core Score,Multi-core Score
0,AMD Ryzen 3 2200GE with Radeon Vega Graphics 3193 MHz (2 cores),Linux,628.75,1156.5
1,AMD Ryzen 3 2200GE with Radeon Vega Graphics 3194 MHz (4 cores),Windows,1007.0,3693.0
2,AMD Ryzen 3 2200GE with Radeon Vega Graphics 3200 MHz (4 cores),Linux,946.125,2442.875
3,AMD Ryzen 3 2200GE with Radeon Vega Graphics 3200 MHz (4 cores),Windows,748.395,2442.772
4,AMD Ryzen 3 2300U 1996 MHz (2 cores),Linux,534.25,983.0
5,AMD Ryzen 3 2300U 1996 MHz (2 cores),Windows,583.0,1178.0
6,AMD Ryzen 3 2300U 1996 MHz (4 cores),Android,408.0,1864.0
7,AMD Ryzen 3 2300U 1997 MHz (2 cores),Android,731.286,1298.714
8,AMD Ryzen 3 2300U 1999 MHz (2 cores),Android,703.667,1277.0
9,AMD Ryzen 3 2300U 2000 MHz (4 cores),Linux,734.059,1837.559
10,AMD Ryzen 3 2300U 2000 MHz (4 cores),Windows,700.808,2185.82
11,AMD Ryzen 3 2300U 2465 MHz (2 cores),Android,584.0,1089.0
12,AMD Ryzen 3 2300X 2000 MHz (2 cores),Android,811.0,1555.0
13,AMD Ryzen 3 2300X 2000 MHz (4 cores),Android,797.5,2660.5
14,AMD Ryzen 3 2300X 2465 MHz (4 cores),Android,887.0,3184.0
15,AMD Ryzen 3 2300X 3400 MHz (4 cores),Linux,601.667,417.5
16,AMD Ryzen 3 2300X 3493 MHz (2 cores),Linux,766.571,1366.143
17,AMD Ryzen 3 2300X 3493 MHz (4 cores),Windows,1018.5,3191.5
18,AMD Ryzen 3 2300X 3494 MHz (4 cores),macOS,1033.5,3309.5
19,AMD Ryzen 3 2300X 3499 MHz (2 cores),Linux,797.0,1382.9
20,AMD Ryzen 3 2300X 3500 MHz (2 cores),Linux,731.0,1325.5
21,AMD Ryzen 3 2300X 3500 MHz (4 cores),Linux,1077.286,3215.143
22,AMD Ryzen 3 2300X 3500 MHz (4 cores),Windows,1001.145,3092.484
23,AMD Ryzen 3 2300X 3500 MHz (4 cores),macOS,1007.048,3225.19
24,AMD Ryzen 3 2300X 3800 MHz (4 cores),macOS,1005.0,3536.0
25,AMD Ryzen 3 2300X 3859 MHz (4 cores),Windows,1013.0,2997.0
26,AMD Ryzen 3 2300X 3893 MHz (4 cores),Windows,969.0,2668.0
27,AMD Ryzen 3 2300X 3950 MHz (4 cores),Windows,1059.75,3593.25
28,AMD Ryzen 3 2300X 3992 MHz (4 cores),Windows,1051.0,3531.0
29,AMD Ryzen 3 2300X 3993 MHz (4 cores),Windows,1008.5,3234.5
30,AMD Ryzen 3 2300X 4000 MHz (4 cores),Windows,990.0,2931.0
31,AMD Ryzen 3 2300X 4092 MHz (4 cores),Windows,1086.0,3603.0
32,AMD Ryzen 3 2300X 4093 MHz (4 cores),macOS,1074.0,3338.0
33,AMD Ryzen 3 2300X 4100 MHz (4 cores),Windows,1011.5,3054.0
34,AMD Ryzen 3 2300X 4125 MHz (4 cores),Windows,1076.0,3583.0
35,AMD Ryzen 3 2300X 4150 MHz (4 cores),Windows,1063.0,3458.5
36,AMD Ryzen 3 2300X 4192 MHz (4 cores),Windows,1044.167,3197.333
37,AMD Ryzen 3 2300X 4200 MHz (4 cores),Windows,1076.0,3531.0
38,AMD Ryzen 3 2300X 4300 MHz (4 cores),Windows,1082.5,3330.5
39,AMD Ryzen 3 2300X 4392 MHz (4 cores),Windows,1169.0,3946.0
40,AMD Ryzen 3 3200GE with Radeon Vega Graphics 3300 MHz (4 cores),Linux,1032.0,3411.0
41,AMD Ryzen 3 3200GE with Radeon Vega Graphics 3300 MHz (4 cores),Windows,837.4,2446.9
42,AMD Ryzen 3 3200GE with Radeon Vega Graphics 3993 MHz (4 cores),Windows,920.0,3240.0
43,AMD Ryzen 3 3300U with Radeon Vega Mobile Gfx 2000 MHz (2 cores),Android,485.5,946.75
44,AMD Ryzen 3 3300U with Radeon Vega Mobile Gfx 2000 MHz (3 cores),Android,557.0,1055.0
45,AMD Ryzen 3 3300U with Radeon Vega Mobile Gfx 2000 MHz (4 cores),Android,522.0,1775.5
46,AMD Ryzen 3 3300U with Radeon Vega Mobile Gfx 2095 MHz (4 cores),Android,591.5,1821.0
47,AMD Ryzen 3 3300U with Radeon Vega Mobile Gfx 2096 MHz (2 cores),Linux,506.2,882.6
48,AMD Ryzen 3 3300U with Radeon Vega Mobile Gfx 2096 MHz (4 cores),Linux,842.0,2369.0
49,AMD Ryzen 3 3300U with Radeon Vega Mobile Gfx 2100 MHz (1 cores),Windows,667.0,620.0
50,AMD Ryzen 3 3300U with Radeon Vega Mobile Gfx 2100 MHz (2 cores),Windows,546.0,915.0
51,AMD Ryzen 3 3300U with Radeon Vega Mobile Gfx 2100 MHz (4 cores),Android,892.0,2058.0
52,AMD Ryzen 3 3300U with Radeon Vega Mobile Gfx 2100 MHz (4 cores),Linux,745.604,1640.0
53,AMD Ryzen 3 3300U with Radeon Vega Mobile Gfx 2100 MHz (4 cores),Windows,665.817,2116.931
54,AMD Ryzen 3 3300U with Radeon Vega Mobile Gfx 2465 MHz (4 cores),Android,640.0,1488.0
55,AMD Ryzen 3 3350U with Radeon Vega Mobile Gfx 2100 MHz (2 cores),Linux,637.0,1021.0
56,AMD Ryzen 3 3350U with Radeon Vega Mobile Gfx 2100 MHz (4 cores),Linux,665.625,1196.75
57,AMD Ryzen 3 3350U with Radeon Vega Mobile Gfx 2100 MHz (4 cores),Windows,699.507,2065.667
58,AMD Ryzen 3 4300G 3792 MHz (2 cores),Linux,695.615,1192.128
59,AMD Ryzen 3 4300G 3799 MHz (4 cores),Linux,1122.0,3996.0
60,AMD Ryzen 3 4300G 3800 MHz (4 cores),Linux,1028.5,2543.667
61,AMD Ryzen 3 4300G 3800 MHz (4 cores),Windows,1015.667,3506.222
62,AMD Ryzen 3 4300G 3801 MHz (4 cores),Windows,1128.667,4193.238
63,AMD Ryzen 3 4300G 4104 MHz (4 cores),Linux,1190.5,4848.091
64,AMD Ryzen 3 4300G with Radeon Graphics 3800 MHz (4 cores),Linux,1079.0,3826.75
65,AMD Ryzen 3 4300G with Radeon Graphics 3800 MHz (4 cores),Windows,1085.556,3886.111
66,AMD Ryzen 3 4300G with Radeon Graphics 3801 MHz (4 cores),Windows,1099.167,4119.5
67,AMD Ryzen 3 4300G with Radeon Graphics 4100 MHz (4 cores),Windows,1179.0,4889.0
68,AMD Ryzen 3 4300G with Radeon Graphics 4104 MHz (4 cores),Linux,1139.333,3973.778
69,AMD Ryzen 3 4300GE 2000 MHz (4 cores),Android,682.0,2133.0
70,AMD Ryzen 3 4300GE 2000 MHz (8 cores),Android,771.0,2522.0
71,AMD Ryzen 3 4300GE 2465 MHz (4 cores),Android,695.5,2223.0
72,AMD Ryzen 3 4300GE 3493 MHz (2 cores),Linux,687.167,1162.667
73,AMD Ryzen 3 4300GE 3493 MHz (4 cores),Linux,1097.0,3243.0
74,AMD Ryzen 3 4300GE 3493 MHz (4 cores),Windows,1148.5,4724.5
75,AMD Ryzen 3 4300GE 3499 MHz (2 cores),Linux,684.0,1233.0
76,AMD Ryzen 3 4300GE 3500 MHz (2 cores),Linux,675.0,1244.667
77,AMD Ryzen 3 4300GE 3500 MHz (4 cores),Linux,1157.818,4588.091
78,AMD Ryzen 3 4300GE 3500 MHz (4 cores),Windows,1102.967,4347.067
79,AMD Ryzen 3 4300GE 3501 MHz (4 cores),Linux,2121.0,4844.0
80,AMD Ryzen 3 4300GE 3501 MHz (4 cores),Windows,1123.109,4464.622
81,AMD Ryzen 3 4300GE 3693 MHz (4 cores),Windows,1056.0,4482.0
82,AMD Ryzen 3 4300GE 3700 MHz (4 cores),Windows,1006.4,4232.8
83,AMD Ryzen 3 4300GE 3993 MHz (4 cores),Windows,1134.0,4709.0
84,AMD Ryzen 3 4300GE 4000 MHz (4 cores),Linux,1185.167,4848.5
85,AMD Ryzen 3 4300GE 4092 MHz (4 cores),Windows,1159.0,4801.0
86,AMD Ryzen 3 4300GE 4100 MHz (4 cores),Windows,1115.5,4367.5
87,AMD Ryzen 3 4300GE 4111 MHz (2 cores),Linux,1127.0,1909.0
88,AMD Ryzen 3 4300GE 4111 MHz (4 cores),Android,1110.0,4313.0
89,AMD Ryzen 3 4300GE 4111 MHz (4 cores),Linux,1079.837,3682.694
90,AMD Ryzen 3 4300GE 4117 MHz (4 cores),Windows,1153.5,4810.5
91,AMD Ryzen 3 4300GE 4142 MHz (4 cores),Windows,1089.0,4037.0
92,AMD Ryzen 3 4300GE 4200 MHz (4 cores),Windows,1163.0,4837.0
93,AMD Ryzen 3 4300GE 4225 MHz (4 cores),Windows,1217.0,4851.0
94,AMD Ryzen 3 4300GE 4400 MHz (4 cores),Windows,1260.0,5144.0
95,AMD Ryzen 3 4300GE 4425 MHz (4 cores),Windows,1258.333,5039.333
96,AMD Ryzen 3 4300GE 4450 MHz (4 cores),Windows,1278.5,5123.5
97,AMD Ryzen 3 4300GE 4475 MHz (4 cores),Windows,1275.0,5215.0
98,AMD Ryzen 3 4300GE 4500 MHz (4 cores),Windows,1261.0,5109.0
99,AMD Ryzen 3 4300GE with Radeon Graphics 3500 MHz (4 cores),Linux,1123.0,4000.0
100,AMD Ryzen 3 4300GE with Radeon Graphics 3500 MHz (4 cores),Windows,1114.5,4083.0
101,AMD Ryzen 3 4300GE with Radeon Graphics 3501 MHz (4 cores),Windows,1071.471,4329.588
102,AMD Ryzen 3 4300GE with Radeon Graphics 4111 MHz (4 cores),Linux,1159.0,4818.0
103,AMD Ryzen 3 5300G 3992 MHz (2 cores),Linux,891.429,1557.0
104,AMD Ryzen 3 5300G 3993 MHz (4 cores),Windows,1314.0,4935.5
105,AMD Ryzen 3 5300G 4000 MHz (4 cores),Android,1357.0,5237.0
106,AMD Ryzen 3 5300G 4000 MHz (4 cores),Linux,1321.0,5264.5
107,AMD Ryzen 3 5300G 4000 MHz (4 cores),Windows,1328.318,4864.057
108,AMD Ryzen 3 5300G 4001 MHz (4 cores),Windows,1378.933,5113.733
109,AMD Ryzen 3 5300G 4200 MHz (4 cores),Windows,1271.0,4501.0
110,AMD Ryzen 3 5300G 4253 MHz (4 cores),Linux,1471.5,5875.75
111,AMD Ryzen 3 5300G 4466 MHz (4 cores),Linux,1468.0,5866.0
112,AMD Ryzen 3 5300G 4500 MHz (4 cores),Linux,1578.182,6089.364
113,AMD Ryzen 3 5300G 4572 MHz (4 cores),Linux,1516.0,6031.0
114,AMD Ryzen 3 5300G 4679 MHz (4 cores),Linux,1545.0,6154.0
115,AMD Ryzen 3 5400U 2595 MHz (2 cores),Linux,498.0,794.0
116,AMD Ryzen 3 5400U 2595 MHz (4 cores),Windows,1231.0,3553.0
117,AMD Ryzen 3 5400U 2600 MHz (4 cores),Linux,1206.5,3914.0
118,AMD Ryzen 3 5400U 2600 MHz (4 cores),Windows,1100.179,3764.769
119,AMD Ryzen 3 5400U 4070 MHz (4 cores),Linux,1332.0,4579.0
120,AMD Ryzen 3 5400U with Radeon Graphics 2600 MHz (4 cores),Windows,913.8,2812.4
121,AMD Ryzen 3 PRO 1300 2000 MHz (3 cores),Android,628.0,1638.0
122,AMD Ryzen 3 PRO 1300 2000 MHz (4 cores),Android,713.0,2460.5
123,AMD Ryzen 3 PRO 1300 2465 MHz (2 cores),Android,701.0,1358.0
124,AMD Ryzen 3 PRO 1300 3493 MHz (1 cores),Windows,806.0,787.0
125,AMD Ryzen 3 PRO 1300 3493 MHz (2 cores),Linux,688.3,1206.4
126,AMD Ryzen 3 PRO 1300 3493 MHz (2 cores),Windows,857.0,1548.0
127,AMD Ryzen 3 PRO 1300 3500 MHz (2 cores),Linux,662.5,1169.0
128,AMD Ryzen 3 PRO 1300 3500 MHz (4 cores),Linux,983.667,2902.667
129,AMD Ryzen 3 PRO 1300 3500 MHz (4 cores),Windows,874.349,2564.516
130,AMD Ryzen 3 PRO 1300 3500 MHz (5 cores),Linux,966.0,2871.0
131,AMD Ryzen 3 PRO 1300 3793 MHz (4 cores),Windows,942.0,3015.0
132,AMD Ryzen 3 PRO 1300 3992 MHz (4 cores),Windows,1005.0,3573.0
133,AMD Ryzen 3 PRO 1300 4100 MHz (4 cores),Windows,1003.333,3378.333
134,AMD Ryzen 3 PRO 2200GE 3193 MHz (2 cores),Linux,625.167,1083.0
135,AMD Ryzen 3 PRO 2200GE 3194 MHz (2 cores),Linux,671.667,1228.0
136,AMD Ryzen 3 PRO 2200GE 3200 MHz (4 cores),Windows,839.917,2454.167
137,AMD Ryzen 3 PRO 2200GE w/ Radeon Vega Graphics 2667 MHz (4 cores),Linux,953.0,3282.0
138,AMD Ryzen 3 PRO 2200GE w/ Radeon Vega Graphics 3194 MHz (2 cores),Linux,680.0,1086.0
139,AMD Ryzen 3 PRO 2200GE w/ Radeon Vega Graphics 3200 MHz (4 cores),Linux,952.0,3190.0
140,AMD Ryzen 3 PRO 2200GE w/ Radeon Vega Graphics 3200 MHz (4 cores),Windows,836.778,2547.611
141,AMD Ryzen 3 PRO 2200GE w/ Radeon Vega Graphics 3605 MHz (4 cores),Windows,935.0,3284.0
142,AMD Ryzen 3 PRO 2300U w/ Radeon Vega Mobile Gfx 1996 MHz (2 cores),Linux,448.5,842.25
143,AMD Ryzen 3 PRO 2300U w/ Radeon Vega Mobile Gfx 2000 MHz (4 cores),Android,830.667,2290.333
144,AMD Ryzen 3 PRO 2300U w/ Radeon Vega Mobile Gfx 2000 MHz (4 cores),Linux,656.031,1642.688
145,AMD Ryzen 3 PRO 2300U w/ Radeon Vega Mobile Gfx 2000 MHz (4 cores),Windows,643.095,2186.716
146,AMD Ryzen 3 PRO 3200GE 3293 MHz (2 cores),Linux,560.0,1031.0
147,AMD Ryzen 3 PRO 3200GE 3299 MHz (2 cores),Linux,768.0,1311.0
148,AMD Ryzen 3 PRO 3200GE 3300 MHz (2 cores),Linux,583.5,1016.0
149,AMD Ryzen 3 PRO 3200GE 3300 MHz (4 cores),Linux,848.875,1569.0
150,AMD Ryzen 3 PRO 3200GE 3300 MHz (4 cores),Windows,845.4,2544.667
151,AMD Ryzen 3 PRO 3200GE w/ Radeon Vega Graphics 3300 MHz (4 cores),Linux,995.5,2747.0
152,AMD Ryzen 3 PRO 3200GE w/ Radeon Vega Graphics 3300 MHz (4 cores),Windows,886.545,2731.955
153,AMD Ryzen 3 PRO 3200GE w/ Radeon Vega Graphics 3600 MHz (4 cores),Linux,976.0,3207.0
154,AMD Ryzen 3 PRO 3200GE w/ Radeon Vega Graphics 4000 MHz (4 cores),Windows,1022.0,3113.0
155,AMD Ryzen 3 PRO 3200GE w/ Radeon Vega Graphics 4092 MHz (4 cores),Windows,1037.5,3527.5
156,AMD Ryzen 3 PRO 3200GE w/ Radeon Vega Graphics 4100 MHz (4 cores),Windows,1041.0,3171.0
157,AMD Ryzen 3 PRO 3200GE w/ Radeon Vega Graphics 4142 MHz (4 cores),Windows,1075.0,3667.0
158,AMD Ryzen 3 PRO 3300U w/ Radeon Vega Mobile Gfx 2096 MHz (2 cores),Linux,516.25,860.5
159,AMD Ryzen 3 PRO 3300U w/ Radeon Vega Mobile Gfx 2100 MHz (4 cores),Linux,833.889,2302.556
160,AMD Ryzen 3 PRO 3300U w/ Radeon Vega Mobile Gfx 2100 MHz (4 cores),Windows,738.676,2253.824
161,AMD Ryzen 3 PRO 3300U w/ Radeon Vega Mobile Gfx 2100 MHz (4 cores),macOS,694.0,2224.0
162,AMD Ryzen 3 PRO 4350G 2000 MHz (2 cores),Android,751.0,1398.0
163,AMD Ryzen 3 PRO 4350G 2000 MHz (4 cores),Android,823.6,2682.8
164,AMD Ryzen 3 PRO 4350G 3792 MHz (2 cores),Linux,732.0,1283.875
165,AMD Ryzen 3 PRO 4350G 3793 MHz (4 cores),Windows,1076.0,4236.0
166,AMD Ryzen 3 PRO 4350G 3793 MHz (6 cores),Windows,1057.0,3792.0
167,AMD Ryzen 3 PRO 4350G 3799 MHz (2 cores),Linux,591.0,868.0
168,AMD Ryzen 3 PRO 4350G 3800 MHz (2 cores),Linux,557.0,941.0
169,AMD Ryzen 3 PRO 4350G 3800 MHz (4 cores),Android,1152.0,4393.0
170,AMD Ryzen 3 PRO 4350G 3800 MHz (4 cores),Linux,1221.444,4922.556
171,AMD Ryzen 3 PRO 4350G 3800 MHz (4 cores),Windows,1102.207,4304.828
172,AMD Ryzen 3 PRO 4350G 3801 MHz (4 cores),Windows,1109.232,4239.875
173,AMD Ryzen 3 PRO 4350G 4000 MHz (4 cores),Linux,1212.0,5342.0
174,AMD Ryzen 3 PRO 4350G 4104 MHz (4 cores),Linux,1088.939,4022.606
175,AMD Ryzen 3 PRO 4350G 4200 MHz (4 cores),Windows,1180.0,5269.0
176,AMD Ryzen 3 PRO 4350G 4225 MHz (4 cores),Windows,1172.0,4793.0
177,AMD Ryzen 3 PRO 4350G with Radeon Graphics 2000 MHz (4 cores),Android,767.0,2481.333
178,AMD Ryzen 3 PRO 4350G with Radeon Graphics 2943 MHz (4 cores),Linux,1210.0,4607.0
179,AMD Ryzen 3 PRO 4350G with Radeon Graphics 2992 MHz (4 cores),Linux,1215.0,4584.0
180,AMD Ryzen 3 PRO 4350G with Radeon Graphics 3056 MHz (4 cores),Linux,1215.0,4627.0
181,AMD Ryzen 3 PRO 4350G with Radeon Graphics 3793 MHz (4 cores),Windows,1041.692,4344.231
182,AMD Ryzen 3 PRO 4350G with Radeon Graphics 3800 MHz (4 cores),Android,1156.25,3835.0
183,AMD Ryzen 3 PRO 4350G with Radeon Graphics 3800 MHz (4 cores),Linux,1100.25,4166.318
184,AMD Ryzen 3 PRO 4350G with Radeon Graphics 3800 MHz (4 cores),Windows,1126.222,4589.102
185,AMD Ryzen 3 PRO 4350G with Radeon Graphics 3801 MHz (4 cores),Windows,1120.171,4499.585
186,AMD Ryzen 3 PRO 4350G with Radeon Graphics 3900 MHz (4 cores),Windows,1083.0,4512.0
187,AMD Ryzen 3 PRO 4350G with Radeon Graphics 4000 MHz (4 cores),Windows,1134.593,4962.63
188,AMD Ryzen 3 PRO 4350G with Radeon Graphics 4025 MHz (4 cores),Windows,1148.5,5135.5
189,AMD Ryzen 3 PRO 4350G with Radeon Graphics 4040 MHz (4 cores),Windows,1119.0,5026.0
190,AMD Ryzen 3 PRO 4350G with Radeon Graphics 4104 MHz (4 cores),Linux,1190.25,4705.75
191,AMD Ryzen 3 PRO 4350G with Radeon Graphics 4192 MHz (4 cores),Windows,1175.0,4980.0
192,AMD Ryzen 3 PRO 4350G with Radeon Graphics 4200 MHz (4 cores),Windows,1178.86,5200.163
193,AMD Ryzen 3 PRO 4350G with Radeon Graphics 4300 MHz (4 cores),Windows,1217.9,5328.3
194,AMD Ryzen 3 PRO 4350G with Radeon Graphics 4325 MHz (4 cores),Windows,1309.0,6066.0
195,AMD Ryzen 3 PRO 4350G with Radeon Graphics 4375 MHz (4 cores),Windows,1296.333,5959.667
196,AMD Ryzen 3 PRO 4350G with Radeon Graphics 4400 MHz (4 cores),Windows,1264.0,5643.0
197,AMD Ryzen 3 PRO 4350G with Radeon Graphics 4450 MHz (4 cores),Windows,1237.0,5152.0
198,AMD Ryzen 3 PRO 4350G with Radeon Graphics 5100 MHz (4 cores),Windows,1422.0,6173.0
199,AMD Ryzen 3 PRO 4350GE 3501 MHz (4 cores),Windows,1126.786,4327.464
200,AMD Ryzen 3 PRO 4350GE 4111 MHz (4 cores),Linux,959.0,2533.667
201,AMD Ryzen 3 PRO 4350GE with Radeon Graphics 3500 MHz (4 cores),Linux,1206.75,4572.25
202,AMD Ryzen 3 PRO 4350GE with Radeon Graphics 3501 MHz (4 cores),Windows,1079.846,3986.0
203,AMD Ryzen 5 2400GE with Radeon Vega Graphics 2675 MHz (4 cores),Linux,870.5,2886.5
204,AMD Ryzen 5 2400GE with Radeon Vega Graphics 3193 MHz (2 cores),Linux,597.0,1048.9
205,AMD Ryzen 5 2400GE with Radeon Vega Graphics 3194 MHz (4 cores),Windows,696.0,2841.0
206,AMD Ryzen 5 2400GE with Radeon Vega Graphics 3200 MHz (4 cores),Linux,885.436,3083.026
207,AMD Ryzen 5 2400GE with Radeon Vega Graphics 3200 MHz (4 cores),Windows,798.826,2790.652
208,AMD Ryzen 5 2400GE with Radeon Vega Graphics 3300 MHz (4 cores),Linux,892.5,3696.25
209,AMD Ryzen 5 2400GE with Radeon Vega Graphics 3400 MHz (4 cores),Linux,937.0,4047.0
210,AMD Ryzen 5 2500X 2000 MHz (4 cores),Android,804.0,2572.0
211,AMD Ryzen 5 2500X 3593 MHz (2 cores),Linux,658.0,1198.0
212,AMD Ryzen 5 2500X 3599 MHz (2 cores),Linux,757.0,1146.0
213,AMD Ryzen 5 2500X 3600 MHz (2 cores),Linux,709.0,1228.0
214,AMD Ryzen 5 2500X 3600 MHz (4 cores),Linux,1025.0,3532.1
215,AMD Ryzen 5 2500X 3600 MHz (4 cores),Windows,973.968,3664.065
216,AMD Ryzen 5 2500X 3793 MHz (4 cores),Windows,995.5,3740.0
217,AMD Ryzen 5 2500X 3800 MHz (4 cores),Windows,958.0,3413.0
218,AMD Ryzen 5 2500X 3801 MHz (4 cores),macOS,979.0,3612.0
219,AMD Ryzen 5 2500X 3893 MHz (4 cores),Windows,1009.0,3750.0
220,AMD Ryzen 5 2500X 3992 MHz (4 cores),Windows,1020.0,3826.0
221,AMD Ryzen 5 2500X 4000 MHz (4 cores),Windows,922.5,3440.5
222,AMD Ryzen 5 2600E 3100 MHz (6 cores),Windows,937.0,5135.0
223,AMD Ryzen 5 2600E 3493 MHz (6 cores),Windows,1018.0,6230.0
224,AMD Ryzen 5 2600E 3893 MHz (6 cores),Windows,1024.0,6261.0
225,AMD Ryzen 5 2600H with Radeon Vega Graphics 3250 MHz (4 cores),Windows,761.667,2843.111
226,AMD Ryzen 5 3350G with Radeon Vega Graphics 3400 MHz (4 cores),Windows,877.75,3648.25
227,AMD Ryzen 5 3350G with Radeon Vega Graphics 3593 MHz (4 cores),Windows,842.0,2764.0
228,AMD Ryzen 5 3350G with Radeon Vega Graphics 3600 MHz (4 cores),Windows,903.587,3537.56
229,AMD Ryzen 5 3350G with Radeon Vega Graphics 3700 MHz (4 cores),Windows,959.0,3980.0
230,AMD Ryzen 5 3350G with Radeon Vega Graphics 3800 MHz (4 cores),Windows,922.0,3470.0
231,AMD Ryzen 5 3350G with Radeon Vega Graphics 4000 MHz (4 cores),Windows,1023.0,4040.0
232,AMD Ryzen 5 3350G with Radeon Vega Graphics 4050 MHz (4 cores),Windows,1012.0,3966.0
233,AMD Ryzen 5 3350GE with Radeon Vega Graphics 3300 MHz (4 cores),Windows,919.5,3404.0
234,AMD Ryzen 5 3400GE with Radeon Vega Graphics 3300 MHz (4 cores),Windows,936.524,3187.476
235,AMD Ryzen 5 3400GE with Radeon Vega Graphics 4000 MHz (4 cores),Windows,981.5,3573.0
236,AMD Ryzen 5 3500C with Radeon Vega Mobile Gfx 2100 MHz (4 cores),Android,799.574,2730.536
237,AMD Ryzen 5 4600G 2000 MHz (5 cores),Android,941.0,3727.0
238,AMD Ryzen 5 4600G 2000 MHz (6 cores),Android,945.0,4035.0
239,AMD Ryzen 5 4600G 2000 MHz (8 cores),Android,932.917,3924.417
240,AMD Ryzen 5 4600G 2803 MHz (4 cores),Android,785.0,2752.0
241,AMD Ryzen 5 4600G 3693 MHz (2 cores),Linux,697.618,1195.182
242,AMD Ryzen 5 4600G 3693 MHz (6 cores),Windows,1129.333,5811.333
243,AMD Ryzen 5 4600G 3700 MHz (6 cores),Linux,1136.471,5297.471
244,AMD Ryzen 5 4600G 3700 MHz (6 cores),Windows,1149.121,5451.977
245,AMD Ryzen 5 4600G 3701 MHz (6 cores),Windows,1159.333,5375.41
246,AMD Ryzen 5 4600G 4200 MHz (6 cores),Windows,1180.0,6793.0
247,AMD Ryzen 5 4600G 4249 MHz (6 cores),Windows,1135.5,5819.0
248,AMD Ryzen 5 4600G 4307 MHz (6 cores),Linux,1260.8,6008.2
249,AMD Ryzen 5 4600G 4800 MHz (6 cores),macOS,1526.5,7426.125
250,AMD Ryzen 5 4600G with Radeon Graphics 2000 MHz (2 cores),Android,782.0,774.0
251,AMD Ryzen 5 4600G with Radeon Graphics 2000 MHz (4 cores),Android,792.0,2628.333
252,AMD Ryzen 5 4600G with Radeon Graphics 2000 MHz (6 cores),Android,861.0,3325.0
253,AMD Ryzen 5 4600G with Radeon Graphics 2000 MHz (8 cores),Android,874.724,3607.414
254,AMD Ryzen 5 4600G with Radeon Graphics 3693 MHz (6 cores),Windows,1167.0,5414.0
255,AMD Ryzen 5 4600G with Radeon Graphics 3700 MHz (6 cores),Linux,1197.375,5350.0
256,AMD Ryzen 5 4600G with Radeon Graphics 3700 MHz (6 cores),Windows,1147.167,5303.14
257,AMD Ryzen 5 4600G with Radeon Graphics 3701 MHz (6 cores),Windows,1171.333,5587.2
258,AMD Ryzen 5 4600GE 3293 MHz (2 cores),Linux,777.0,1430.0
259,AMD Ryzen 5 4600GE 3300 MHz (6 cores),Linux,1083.75,2133.25
260,AMD Ryzen 5 4600GE 3301 MHz (6 cores),Windows,1091.5,3102.0
261,AMD Ryzen 5 4600GE with Radeon Graphics 3300 MHz (6 cores),Windows,1075.5,6077.0
262,AMD Ryzen 5 5600HS Creator Edition 3301 MHz (6 cores),Windows,1409.0,6280.0
263,AMD Ryzen 5 5625U 2301 MHz (6 cores),Windows,1200.035,4941.754
264,AMD Ryzen 5 6600H 3301 MHz (6 cores),Windows,1471.5,7286.5
265,AMD Ryzen 5 PRO 1500 3493 MHz (2 cores),Linux,743.0,1325.0
266,AMD Ryzen 5 PRO 1500 3493 MHz (4 cores),Windows,979.0,3920.0
267,AMD Ryzen 5 PRO 1500 3500 MHz (4 cores),Linux,932.833,2295.667
268,AMD Ryzen 5 PRO 1500 3500 MHz (4 cores),Windows,920.913,3561.348
269,AMD Ryzen 5 PRO 1500 3500 MHz (4 cores),macOS,887.0,3099.0
270,AMD Ryzen 5 PRO 1500 3800 MHz (4 cores),Windows,990.0,3947.0
271,AMD Ryzen 5 PRO 1500 3900 MHz (4 cores),Windows,1007.571,3979.143
272,AMD Ryzen 5 PRO 1500 3943 MHz (4 cores),Windows,1028.0,4295.0
273,AMD Ryzen 5 PRO 1500 3992 MHz (4 cores),Windows,1043.0,4437.0
274,AMD Ryzen 5 PRO 2400GE 2000 MHz (2 cores),Android,674.0,2257.0
275,AMD Ryzen 5 PRO 2400GE 3046 MHz (2 cores),macOS,863.0,1419.0
276,AMD Ryzen 5 PRO 2400GE 3193 MHz (2 cores),Linux,716.0,1245.0
277,AMD Ryzen 5 PRO 2400GE 3193 MHz (4 cores),Linux,964.0,3108.0
278,AMD Ryzen 5 PRO 2400GE 3194 MHz (2 cores),Linux,756.5,1289.5
279,AMD Ryzen 5 PRO 2400GE 3194 MHz (4 cores),Windows,807.5,2534.333
280,AMD Ryzen 5 PRO 2400GE 3200 MHz (4 cores),Linux,847.043,2641.783
281,AMD Ryzen 5 PRO 2400GE 3200 MHz (4 cores),Windows,829.312,2851.656
282,AMD Ryzen 5 PRO 2400GE 3200 MHz (4 cores),macOS,877.5,3287.5
283,AMD Ryzen 5 PRO 2400GE 3593 MHz (4 cores),Android,872.0,3434.0
284,AMD Ryzen 5 PRO 2400GE 3600 MHz (4 cores),Linux,969.0,4078.0
285,AMD Ryzen 5 PRO 2400GE 3700 MHz (4 cores),Linux,926.667,3589.0
286,AMD Ryzen 5 PRO 2400GE 3750 MHz (4 cores),Linux,725.0,1860.3
287,AMD Ryzen 5 PRO 2400GE 3843 MHz (4 cores),Windows,964.0,4047.0
288,AMD Ryzen 5 PRO 2400GE 3850 MHz (4 cores),Linux,1039.0,4318.0
289,AMD Ryzen 5 PRO 2400GE 3900 MHz (4 cores),Linux,1037.0,4313.0
290,AMD Ryzen 5 PRO 2400GE w/ Radeon Vega Graphics 3200 MHz (4 cores),Linux,860.111,2331.37
291,AMD Ryzen 5 PRO 2400GE w/ Radeon Vega Graphics 3200 MHz (4 cores),Windows,824.863,2791.441
292,AMD Ryzen 5 PRO 2400GE w/ Radeon Vega Graphics 3750 MHz (4 cores),Windows,879.0,4182.0
293,AMD Ryzen 5 PRO 2400GE w/ Radeon Vega Graphics 4000 MHz (4 cores),Windows,975.0,4374.0
294,AMD Ryzen 5 PRO 3350G with Radeon Vega Graphics 3600 MHz (4 cores),Linux,963.75,3441.75
295,AMD Ryzen 5 PRO 3350G with Radeon Vega Graphics 3600 MHz (4 cores),Windows,885.143,3513.286
296,AMD Ryzen 5 PRO 3350G with Radeon Vega Graphics 3600 MHz (4 cores),macOS,898.0,3224.0
297,AMD Ryzen 5 PRO 3350GE with Radeon Vega Graphic 3500 MHz (4 cores),Windows,848.0,3709.0
298,AMD Ryzen 5 PRO 3400GE 3293 MHz (2 cores),Linux,642.778,1134.111
299,AMD Ryzen 5 PRO 3400GE 3294 MHz (2 cores),Windows,831.0,1444.0
300,AMD Ryzen 5 PRO 3400GE 3294 MHz (4 cores),Windows,623.0,2244.0
301,AMD Ryzen 5 PRO 3400GE 3300 MHz (4 cores),Android,899.5,3192.5
302,AMD Ryzen 5 PRO 3400GE 3300 MHz (4 cores),Linux,847.409,2891.136
303,AMD Ryzen 5 PRO 3400GE 3300 MHz (4 cores),Windows,862.658,2978.562
304,AMD Ryzen 5 PRO 3400GE w/ Radeon Vega Graphics 2000 MHz (2 cores),Android,702.0,1272.0
305,AMD Ryzen 5 PRO 3400GE w/ Radeon Vega Graphics 3141 MHz (4 cores),macOS,724.0,1596.0
306,AMD Ryzen 5 PRO 3400GE w/ Radeon Vega Graphics 3293 MHz (1 cores),Linux,1049.0,2997.0
307,AMD Ryzen 5 PRO 3400GE w/ Radeon Vega Graphics 3300 MHz (4 cores),Android,953.0,3075.714
308,AMD Ryzen 5 PRO 3400GE w/ Radeon Vega Graphics 3300 MHz (4 cores),Linux,938.977,3009.023
309,AMD Ryzen 5 PRO 3400GE w/ Radeon Vega Graphics 3300 MHz (4 cores),Windows,867.784,3029.763
310,AMD Ryzen 5 PRO 3400GE w/ Radeon Vega Graphics 3300 MHz (4 cores),macOS,829.0,3027.0
311,AMD Ryzen 5 PRO 3400GE w/ Radeon Vega Graphics 3893 MHz (4 cores),Windows,926.0,3576.0
312,AMD Ryzen 5 PRO 3400GE w/ Radeon Vega Graphics 3968 MHz (4 cores),Windows,1026.667,4371.333
313,AMD Ryzen 5 PRO 4650GE 2000 MHz (7 cores),Android,793.0,2863.0
314,AMD Ryzen 5 PRO 4650GE 3141 MHz (4 cores),macOS,886.0,3153.0
315,AMD Ryzen 5 PRO 4650GE 3293 MHz (2 cores),Linux,745.0,1271.5
316,AMD Ryzen 5 PRO 4650GE 3294 MHz (2 cores),Windows,1105.0,2224.0
317,AMD Ryzen 5 PRO 4650GE 3294 MHz (6 cores),Windows,1161.0,4993.0
318,AMD Ryzen 5 PRO 4650GE 3300 MHz (6 cores),Linux,1259.0,7281.0
319,AMD Ryzen 5 PRO 4650GE 3301 MHz (6 cores),Windows,1154.971,5459.466
320,AMD Ryzen 5 PRO 4650GE 3316 MHz (4 cores),Linux,1102.0,3617.0
321,AMD Ryzen 5 PRO 4650GE 3316 MHz (8 cores),Linux,1132.0,4901.0
322,AMD Ryzen 5 PRO 4650GE 4247 MHz (6 cores),Linux,1233.243,5846.108
323,AMD Ryzen 5 PRO 4650GE 4248 MHz (6 cores),Linux,1263.333,6370.333
324,AMD Ryzen 5 PRO 4650GE with Radeon Graphics 3294 MHz (6 cores),Windows,1145.2,5329.0
325,AMD Ryzen 5 PRO 4650GE with Radeon Graphics 3300 MHz (6 cores),Linux,1085.158,5236.053
326,AMD Ryzen 5 PRO 4650GE with Radeon Graphics 3301 MHz (6 cores),Windows,1172.561,5663.415
327,AMD Ryzen 5 PRO 4650GE with Radeon Graphics 4247 MHz (6 cores),Linux,1261.667,5967.0
328,AMD Ryzen 7 2700E 2800 MHz (8 cores),Windows,920.9,6147.8
329,AMD Ryzen 7 2700E 3900 MHz (8 cores),Android,934.0,5423.0
330,AMD Ryzen 7 2800H with Radeon Vega Graphics 3350 MHz (4 cores),Windows,674.25,2751.0
331,AMD Ryzen 7 3700C with Radeon Vega Mobile Gfx 2295 MHz (8 cores),Linux,862.0,2908.0
332,AMD Ryzen 7 3700C with Radeon Vega Mobile Gfx 2300 MHz (4 cores),Android,761.398,2644.62
333,AMD Ryzen 7 3700C with Radeon Vega Mobile Gfx 2300 MHz (4 cores),Linux,768.5,2727.0
334,AMD Ryzen 7 3780U Microsoft Surface Edition 1996 MHz (4 cores),Windows,914.0,2424.5
335,AMD Ryzen 7 3780U Microsoft Surface Edition 1996 MHz (8 cores),Linux,1036.0,4282.0
336,AMD Ryzen 7 3780U Microsoft Surface Edition 1996 MHz (8 cores),Windows,1151.0,6566.0
337,AMD Ryzen 7 3780U Microsoft Surface Edition 2000 MHz (8 cores),Windows,983.693,5901.157
338,AMD Ryzen 7 3780U Microsoft Surface Edition 2300 MHz (4 cores),Linux,322.0,1436.0
339,AMD Ryzen 7 3780U Microsoft Surface Edition 2300 MHz (4 cores),Windows,753.406,2779.145
340,AMD Ryzen 7 3780U Microsoft Surface Edition 4433 MHz (8 cores),Linux,1232.125,7351.375
341,AMD Ryzen 7 4700G 2000 MHz (4 cores),Android,803.0,2788.0
342,AMD Ryzen 7 4700G 2803 MHz (4 cores),Android,930.0,3138.0
343,AMD Ryzen 7 4700G 3593 MHz (2 cores),Linux,778.4,1381.8
344,AMD Ryzen 7 4700G 3600 MHz (8 cores),Linux,1162.5,6067.0
345,AMD Ryzen 7 4700G 3600 MHz (8 cores),Windows,1208.188,7548.229
346,AMD Ryzen 7 4700G 4000 MHz (8 cores),Windows,1069.0,6558.0
347,AMD Ryzen 7 4700G 4192 MHz (8 cores),Windows,1183.0,8267.0
348,AMD Ryzen 7 4700G 4442 MHz (8 cores),Windows,1308.0,10374.0
349,AMD Ryzen 7 4700G 4454 MHz (8 cores),Linux,1248.769,6671.769
350,AMD Ryzen 7 4700G 4492 MHz (8 cores),Windows,1329.5,10522.5
351,AMD Ryzen 7 4700G with Radeon Graphics 3593 MHz (4 cores),Windows,935.0,2638.0
352,AMD Ryzen 7 4700G with Radeon Graphics 3593 MHz (8 cores),Windows,1261.5,8320.5
353,AMD Ryzen 7 4700G with Radeon Graphics 3600 MHz (8 cores),Linux,1128.5,6047.3
354,AMD Ryzen 7 4700G with Radeon Graphics 3600 MHz (8 cores),Windows,1200.065,7129.578
355,AMD Ryzen 7 4700G with Radeon Graphics 4000 MHz (8 cores),Windows,1134.0,7640.0
356,AMD Ryzen 7 4700G with Radeon Graphics 4100 MHz (8 cores),Windows,1168.333,7105.667
357,AMD Ryzen 7 4700G with Radeon Graphics 4454 MHz (8 cores),Linux,1290.571,8167.714
358,AMD Ryzen 7 4700GE 3100 MHz (8 cores),Android,1159.0,7553.0
359,AMD Ryzen 7 4700GE 3100 MHz (8 cores),Windows,1170.0,5787.25
360,AMD Ryzen 7 4700GE with Radeon Graphics 3100 MHz (8 cores),Windows,1190.0,6051.571
361,AMD Ryzen 7 5700GE 3194 MHz (8 cores),Windows,1518.333,7259.667
362,AMD Ryzen 7 5700GE 3201 MHz (8 cores),Windows,1576.2,7776.8
363,AMD Ryzen 7 5700GE 4001 MHz (8 cores),Windows,1377.0,7447.0
364,AMD Ryzen 7 5700GE 4301 MHz (8 cores),Windows,1507.0,10606.0
365,AMD Ryzen 7 5700GE 4401 MHz (8 cores),Windows,1473.0,8780.0
366,AMD Ryzen 7 5700GE 4501 MHz (8 cores),Windows,1567.37,10486.704
367,AMD Ryzen 7 5700GE 4551 MHz (8 cores),Windows,1583.0,10263.5
368,AMD Ryzen 7 5700GE 5001 MHz (8 cores),Windows,1760.0,11527.0
369,AMD Ryzen 7 5825U 2000 MHz (8 cores),Windows,1282.143,5696.667
370,AMD Ryzen 7 6800H 2000 MHz (4 cores),Android,918.5,3218.5
371,AMD Ryzen 7 6800H 3201 MHz (8 cores),Windows,1440.966,8408.622
372,AMD Ryzen 7 6800HS 3193 MHz (8 cores),Android,791.5,4996.0
373,AMD Ryzen 7 6800HS 3193 MHz (8 cores),Linux,1550.0,8883.833
374,AMD Ryzen 7 6800HS 3201 MHz (8 cores),Windows,1439.952,8378.833
375,AMD Ryzen 7 6800HS 4784 MHz (8 cores),Linux,1532.0,7816.0
376,AMD Ryzen 7 PRO 4700G 3600 MHz (8 cores),Windows,1228.5,8295.0
377,AMD Ryzen 7 PRO 4700G with Radeon Graphics 3593 MHz (8 cores),Windows,1153.0,7391.0
378,AMD Ryzen 7 PRO 4700G with Radeon Graphics 3600 MHz (8 cores),Windows,1186.6,7991.9
379,AMD Ryzen 7 PRO 4700G with Radeon Graphics 3800 MHz (8 cores),Windows,1052.0,7131.0
380,AMD Ryzen 7 PRO 4700G with Radeon Graphics 4000 MHz (8 cores),Windows,1116.5,7646.5
381,AMD Ryzen 7 PRO 4700G with Radeon Graphics 4292 MHz (8 cores),Windows,1228.0,7807.0
382,AMD Ryzen 7 PRO 4750GE 2000 MHz (2 cores),Android,757.0,747.0
383,AMD Ryzen 7 PRO 4750GE 2465 MHz (4 cores),Android,795.0,2742.0
384,AMD Ryzen 7 PRO 4750GE 2465 MHz (8 cores),Android,805.333,2859.0
385,AMD Ryzen 7 PRO 4750GE 2803 MHz (4 cores),Android,973.0,3316.0
386,AMD Ryzen 7 PRO 4750GE 3094 MHz (2 cores),Linux,807.0,1487.0
387,AMD Ryzen 7 PRO 4750GE 3094 MHz (8 cores),Android,1052.75,5366.0
388,AMD Ryzen 7 PRO 4750GE 3094 MHz (8 cores),Windows,1014.0,2588.0
389,AMD Ryzen 7 PRO 4750GE 3100 MHz (8 cores),Linux,927.0,7357.0
390,AMD Ryzen 7 PRO 4750GE 3100 MHz (8 cores),Windows,1190.618,6510.412
391,AMD Ryzen 7 PRO 4750GE 4365 MHz (8 cores),Android,1089.0,5294.0
392,AMD Ryzen 7 PRO 4750GE 4365 MHz (8 cores),Linux,1176.273,6597.045
393,AMD Ryzen 7 PRO 4750GE with Radeon Graphics 2465 MHz (4 cores),Android,823.0,2895.0
394,AMD Ryzen 7 PRO 4750GE with Radeon Graphics 2465 MHz (8 cores),Android,977.0,3389.0
395,AMD Ryzen 7 PRO 4750GE with Radeon Graphics 3100 MHz (4 cores),Android,1219.0,3382.5
396,AMD Ryzen 7 PRO 4750GE with Radeon Graphics 3100 MHz (8 cores),Linux,1101.5,6209.0
397,AMD Ryzen 7 PRO 4750GE with Radeon Graphics 3100 MHz (8 cores),Windows,1188.151,6525.302
398,AMD Ryzen 7 PRO 4750GE with Radeon Graphics 4365 MHz (8 cores),Linux,1272.765,7970.824
399,AMD Ryzen 9 5980HS 3293 MHz (8 cores),Android,1080.333,6236.333
400,AMD Ryzen 9 5980HS 3300 MHz (8 cores),Linux,1290.75,7652.75
401,AMD Ryzen 9 5980HS 3301 MHz (8 cores),Windows,1344.216,7201.959
402,AMD Ryzen 9 5980HS 4846 MHz (8 cores),Linux,1468.0,8057.0
403,AMD Ryzen 9 5980HS 4848 MHz (8 cores),Linux,1287.0,7884.0
404,AMD Ryzen 9 5980HS with Radeon Graphics 3301 MHz (8 cores),Windows,1470.159,8032.114
405,AMD Ryzen 9 5980HX 3293 MHz (2 cores),Linux,489.0,804.0
406,AMD Ryzen 9 5980HX 3301 MHz (8 cores),Windows,1441.48,7728.147
407,AMD Ryzen 9 6900HS 3301 MHz (8 cores),Linux,1648.75,9389.25
408,AMD Ryzen 9 6900HS 3301 MHz (8 cores),Windows,1478.372,8729.982
409,AMD Ryzen 9 6900HS 4933 MHz (8 cores),Linux,1167.846,6936.308
410,AMD Ryzen 9 6900HS 4935 MHz (8 cores),Linux,1637.0,9439.0
411,AMD Ryzen 9 6900HX 3301 MHz (8 cores),Windows,1462.969,8382.138
412,AMD Ryzen Threadripper 1900X 2400 MHz (8 cores),Android,794.0,2763.0
413,AMD Ryzen Threadripper 1900X 3500 MHz (8 cores),Windows,868.5,6596.0
414,AMD Ryzen Threadripper 1900X 3691 MHz (8 cores),Linux,977.0,4745.0
415,AMD Ryzen Threadripper 1900X 3792 MHz (1 cores),Linux,1098.5,1100.0
416,AMD Ryzen Threadripper 1900X 3792 MHz (4 cores),Linux,953.364,2706.0
417,AMD Ryzen Threadripper 1900X 3792 MHz (8 cores),Linux,890.0,4335.0
418,AMD Ryzen Threadripper 1900X 3793 MHz (12 cores),Windows,870.0,6014.0
419,AMD Ryzen Threadripper 1900X 3793 MHz (16 cores),Windows,894.667,5196.333
420,AMD Ryzen Threadripper 1900X 3793 MHz (16 cores),macOS,1016.333,6855.667
421,AMD Ryzen Threadripper 1900X 3793 MHz (4 cores),Windows,899.333,2699.0
422,AMD Ryzen Threadripper 1900X 3793 MHz (6 cores),Windows,716.0,2711.5
423,AMD Ryzen Threadripper 1900X 3793 MHz (8 cores),Windows,1039.667,7224.0
424,AMD Ryzen Threadripper 1900X 3793 MHz (8 cores),macOS,1032.5,7492.25
425,AMD Ryzen Threadripper 1900X 3799 MHz (4 cores),Linux,1052.333,4333.667
426,AMD Ryzen Threadripper 1900X 3799 MHz (6 cores),Linux,1057.0,6153.0
427,AMD Ryzen Threadripper 1900X 3800 MHz (4 cores),Windows,992.857,3939.571
428,AMD Ryzen Threadripper 1900X 3800 MHz (8 cores),Android,1060.0,7586.0
429,AMD Ryzen Threadripper 1900X 3800 MHz (8 cores),Linux,977.227,5567.614
430,AMD Ryzen Threadripper 1900X 3800 MHz (8 cores),Windows,990.373,6715.845
431,AMD Ryzen Threadripper 1900X 3800 MHz (8 cores),macOS,1000.909,6978.727
432,AMD Ryzen Threadripper 1900X 3801 MHz (8 cores),macOS,956.1,6694.7
433,AMD Ryzen Threadripper 1900X 3850 MHz (8 cores),Linux,1006.0,7481.0
434,AMD Ryzen Threadripper 1900X 3850 MHz (8 cores),Windows,974.0,7540.0
435,AMD Ryzen Threadripper 1900X 3862 MHz (8 cores),Linux,1057.0,4854.0
436,AMD Ryzen Threadripper 1900X 3892 MHz (8 cores),Linux,1087.0,8482.0
437,AMD Ryzen Threadripper 1900X 3893 MHz (8 cores),Windows,935.0,6601.0
438,AMD Ryzen Threadripper 1900X 3900 MHz (8 cores),Linux,1044.333,7529.667
439,AMD Ryzen Threadripper 1900X 3900 MHz (8 cores),Windows,977.0,7305.4
440,AMD Ryzen Threadripper 1900X 3912 MHz (8 cores),Linux,1072.0,7060.0
441,AMD Ryzen Threadripper 1900X 4000 MHz (8 cores),Linux,973.0,8387.0
442,AMD Ryzen Threadripper 1900X 4000 MHz (8 cores),Windows,1013.35,7074.45
443,AMD Ryzen Threadripper 1900X 4050 MHz (8 cores),Windows,1044.0,7589.667
444,AMD Ryzen Threadripper 1900X 4093 MHz (8 cores),macOS,1052.0,7985.0
445,AMD Ryzen Threadripper 1900X 4100 MHz (8 cores),Linux,1002.667,5405.0
446,AMD Ryzen Threadripper 1900X 4100 MHz (8 cores),Windows,1050.4,7217.5
447,AMD Ryzen Threadripper 1900X 4100 MHz (8 cores),macOS,1055.111,6827.556
448,AMD Ryzen Threadripper 1900X 4125 MHz (8 cores),Windows,1068.0,7354.0
449,AMD Ryzen Threadripper 1900X 4150 MHz (8 cores),Windows,1107.667,7642.0
450,AMD Ryzen Threadripper 1900X 4200 MHz (8 cores),Linux,1132.0,8053.0
451,AMD Ryzen Threadripper 1900X 4200 MHz (8 cores),Windows,1080.8,7091.5
452,AMD Ryzen Threadripper 1900X 4200 MHz (8 cores),macOS,1039.0,6602.0
453,AMD Ryzen Threadripper 2920X 2408 MHz (12 cores),Linux,1194.0,10812.0
454,AMD Ryzen Threadripper 2920X 2433 MHz (12 cores),Linux,1174.0,11341.0
455,AMD Ryzen Threadripper 2920X 2523 MHz (12 cores),Linux,1179.0,11388.0
456,AMD Ryzen Threadripper 2920X 3331 MHz (4 cores),macOS,990.0,3021.0
457,AMD Ryzen Threadripper 2920X 3493 MHz (12 cores),Windows,990.0,8163.5
458,AMD Ryzen Threadripper 2920X 3493 MHz (2 cores),Linux,886.5,1602.0
459,AMD Ryzen Threadripper 2920X 3493 MHz (24 cores),Linux,1147.0,9035.0
460,AMD Ryzen Threadripper 2920X 3493 MHz (24 cores),Windows,1028.0,10166.0
461,AMD Ryzen Threadripper 2920X 3493 MHz (4 cores),Linux,938.5,3471.5
462,AMD Ryzen Threadripper 2920X 3493 MHz (4 cores),Windows,869.0,3558.286
463,AMD Ryzen Threadripper 2920X 3493 MHz (6 cores),Windows,891.667,4273.667
464,AMD Ryzen Threadripper 2920X 3493 MHz (8 cores),Linux,879.5,5599.5
465,AMD Ryzen Threadripper 2920X 3493 MHz (8 cores),Windows,928.5,4167.5
466,AMD Ryzen Threadripper 2920X 3494 MHz (12 cores),macOS,1048.0,10121.0
467,AMD Ryzen Threadripper 2920X 3499 MHz (6 cores),Linux,1086.5,5256.5
468,AMD Ryzen Threadripper 2920X 3499 MHz (8 cores),Linux,898.0,3996.0
469,AMD Ryzen Threadripper 2920X 3500 MHz (12 cores),Linux,1013.959,8778.49
470,AMD Ryzen Threadripper 2920X 3500 MHz (12 cores),Windows,1071.829,9662.862
471,AMD Ryzen Threadripper 2920X 3500 MHz (12 cores),macOS,1038.684,9562.026
472,AMD Ryzen Threadripper 2920X 3500 MHz (4 cores),Linux,1048.667,3157.333
473,AMD Ryzen Threadripper 2920X 3500 MHz (6 cores),Linux,1123.0,5598.0
474,AMD Ryzen Threadripper 2920X 3500 MHz (6 cores),Windows,1058.333,5962.667
475,AMD Ryzen Threadripper 2920X 3500 MHz (8 cores),Windows,1003.0,4753.0
476,AMD Ryzen Threadripper 2920X 3501 MHz (12 cores),macOS,1100.0,10854.0
477,AMD Ryzen Threadripper 2920X 3600 MHz (12 cores),Windows,931.0,8156.0
478,AMD Ryzen Threadripper 2920X 3700 MHz (12 cores),Linux,898.0,10498.0
479,AMD Ryzen Threadripper 2920X 3700 MHz (12 cores),Windows,939.0,9502.0
480,AMD Ryzen Threadripper 2920X 3793 MHz (12 cores),Windows,1000.0,10686.0
481,AMD Ryzen Threadripper 2920X 3800 MHz (12 cores),Linux,960.0,7894.25
482,AMD Ryzen Threadripper 2920X 3800 MHz (12 cores),Windows,974.182,8999.455
483,AMD Ryzen Threadripper 2920X 3843 MHz (12 cores),Windows,1018.0,9170.0
484,AMD Ryzen Threadripper 2920X 3873 MHz (12 cores),Linux,1104.0,9305.0
485,AMD Ryzen Threadripper 2920X 3975 MHz (12 cores),Windows,1025.0,10975.0
486,AMD Ryzen Threadripper 2920X 4000 MHz (12 cores),Linux,848.167,8946.333
487,AMD Ryzen Threadripper 2920X 4000 MHz (12 cores),Windows,1043.222,9051.778
488,AMD Ryzen Threadripper 2920X 4042 MHz (4 cores),Windows,984.0,3206.0
489,AMD Ryzen Threadripper 2920X 4050 MHz (12 cores),Windows,1048.333,9473.667
490,AMD Ryzen Threadripper 2920X 4075 MHz (12 cores),Windows,1034.0,8229.0
491,AMD Ryzen Threadripper 2920X 4092 MHz (12 cores),Windows,1072.0,11568.0
492,AMD Ryzen Threadripper 2920X 4093 MHz (12 cores),macOS,1072.0,11604.0
493,AMD Ryzen Threadripper 2920X 4100 MHz (12 cores),Linux,911.333,5522.0
494,AMD Ryzen Threadripper 2920X 4100 MHz (12 cores),Windows,1058.571,8628.286
495,AMD Ryzen Threadripper 2920X 4125 MHz (12 cores),Windows,1037.2,9966.2
496,AMD Ryzen Threadripper 2920X 4142 MHz (12 cores),Windows,1079.333,11671.333
497,AMD Ryzen Threadripper 2920X 4150 MHz (12 cores),Windows,1082.0,11737.0
498,AMD Ryzen Threadripper 2920X 4175 MHz (12 cores),Windows,1039.0,5588.0
499,AMD Ryzen Threadripper 2920X 4192 MHz (12 cores),Windows,1101.0,11935.0
500,AMD Ryzen Threadripper 2920X 4200 MHz (12 cores),Linux,1080.0,9298.75
501,AMD Ryzen Threadripper 2920X 4200 MHz (12 cores),Windows,1113.667,12300.333
502,AMD Ryzen Threadripper 2920X 4250 MHz (12 cores),Linux,1086.0,10985.0
503,AMD Ryzen Threadripper 2920X 4250 MHz (12 cores),Windows,1117.0,12103.0
504,AMD Ryzen Threadripper 2920X 4300 MHz (12 cores),Linux,1050.0,12487.0
505,AMD Ryzen Threadripper 2920X 4300 MHz (12 cores),Windows,1074.0,10958.0
506,AMD Ryzen Threadripper 2970WX 0 MHz (2 cores),Linux,631.0,2147.0
507,AMD Ryzen Threadripper 2970WX 1717 MHz (24 cores),Linux,1138.0,14961.0
508,AMD Ryzen Threadripper 2970WX 2250 MHz (24 cores),Linux,572.25,3515.906
509,AMD Ryzen Threadripper 2970WX 2400 MHz (24 cores),Windows,1054.0,11294.0
510,AMD Ryzen Threadripper 2970WX 2994 MHz (12 cores),Linux,856.5,4789.0
511,AMD Ryzen Threadripper 2970WX 2994 MHz (12 cores),Windows,996.143,6073.429
512,AMD Ryzen Threadripper 2970WX 2994 MHz (16 cores),Windows,930.0,7898.0
513,AMD Ryzen Threadripper 2970WX 2994 MHz (2 cores),Linux,855.0,1562.0
514,AMD Ryzen Threadripper 2970WX 2994 MHz (24 cores),Windows,1057.5,10067.0
515,AMD Ryzen Threadripper 2970WX 2994 MHz (8 cores),Windows,839.111,3994.0
516,AMD Ryzen Threadripper 2970WX 2995 MHz (24 cores),macOS,1064.5,12404.0
517,AMD Ryzen Threadripper 2970WX 3000 MHz (12 cores),Linux,1095.6,7908.0
518,AMD Ryzen Threadripper 2970WX 3000 MHz (12 cores),Windows,1066.0,8919.5
519,AMD Ryzen Threadripper 2970WX 3000 MHz (16 cores),Windows,1080.0,9441.0
520,AMD Ryzen Threadripper 2970WX 3000 MHz (24 cores),Linux,971.469,11429.916
521,AMD Ryzen Threadripper 2970WX 3000 MHz (24 cores),Windows,1000.85,10507.094
522,AMD Ryzen Threadripper 2970WX 3000 MHz (24 cores),macOS,1015.807,11410.246
523,AMD Ryzen Threadripper 2970WX 3000 MHz (6 cores),Linux,1092.833,4791.333
524,AMD Ryzen Threadripper 2970WX 3000 MHz (6 cores),Windows,966.0,5044.0
525,AMD Ryzen Threadripper 2970WX 3200 MHz (24 cores),Windows,840.0,10073.714
526,AMD Ryzen Threadripper 2970WX 3200 MHz (24 cores),macOS,827.0,11140.0
527,AMD Ryzen Threadripper 2970WX 3300 MHz (24 cores),Linux,910.0,14245.5
528,AMD Ryzen Threadripper 2970WX 3300 MHz (24 cores),Windows,874.333,10075.667
529,AMD Ryzen Threadripper 2970WX 3493 MHz (24 cores),Windows,920.667,10654.0
530,AMD Ryzen Threadripper 2970WX 3500 MHz (24 cores),Windows,835.5,9094.667
531,AMD Ryzen Threadripper 2970WX 3500 MHz (24 cores),macOS,1077.0,13106.0
532,AMD Ryzen Threadripper 2970WX 3594 MHz (24 cores),macOS,937.0,11481.0
533,AMD Ryzen Threadripper 2970WX 3600 MHz (24 cores),macOS,926.8,10761.2
534,AMD Ryzen Threadripper 2970WX 3700 MHz (24 cores),Windows,954.5,9357.5
535,AMD Ryzen Threadripper 2970WX 3750 MHz (24 cores),Linux,917.0,16763.0
536,AMD Ryzen Threadripper 2970WX 3775 MHz (24 cores),Linux,1026.0,17133.0
537,AMD Ryzen Threadripper 2970WX 3793 MHz (24 cores),Windows,987.0,10317.0
538,AMD Ryzen Threadripper 2970WX 3800 MHz (24 cores),Windows,993.0,11402.8
539,AMD Ryzen Threadripper 2970WX 3800 MHz (6 cores),Windows,850.667,3424.667
540,AMD Ryzen Threadripper 2970WX 3850 MHz (24 cores),Windows,1012.0,12322.0
541,AMD Ryzen Threadripper 2970WX 3850 MHz (6 cores),Windows,874.5,3362.25
542,AMD Ryzen Threadripper 2970WX 3875 MHz (6 cores),Windows,814.75,3399.0
543,AMD Ryzen Threadripper 2970WX 3900 MHz (24 cores),Linux,948.0,17082.0
544,AMD Ryzen Threadripper 2970WX 3925 MHz (6 cores),Windows,877.0,3503.0
545,AMD Ryzen Threadripper 2970WX 3925 MHz (7 cores),Windows,907.0,3956.0
546,AMD Ryzen Threadripper 2970WX 3925 MHz (8 cores),Windows,872.0,5008.5
547,AMD Ryzen Threadripper 2970WX 3950 MHz (6 cores),Windows,734.0,2763.0
548,AMD Ryzen Threadripper 2970WX 3950 MHz (7 cores),Windows,815.0,3303.0
549,AMD Ryzen Threadripper 2970WX 3992 MHz (24 cores),Windows,1039.0,12177.0
550,AMD Ryzen Threadripper 2970WX 3993 MHz (24 cores),macOS,1023.0,12501.0
551,AMD Ryzen Threadripper 2970WX 3999 MHz (24 cores),Linux,1063.0,14353.0
552,AMD Ryzen Threadripper 2970WX 4000 MHz (24 cores),Linux,901.8,8651.2
553,AMD Ryzen Threadripper 2970WX 4000 MHz (24 cores),Windows,1003.182,9932.0
554,AMD Ryzen Threadripper 2970WX 4001 MHz (24 cores),macOS,1033.0,11320.0
555,AMD Ryzen Threadripper 2970WX 4050 MHz (24 cores),Windows,1062.5,10991.0
556,AMD Ryzen Threadripper 2970WX 4100 MHz (24 cores),Windows,1060.0,11280.0
557,AMD Ryzen Threadripper 2970WX 4100 MHz (24 cores),macOS,1073.0,12349.0
558,AMD Ryzen Threadripper 2970WX 4125 MHz (24 cores),Windows,1067.0,6719.0
